{
  "Persisted alert": 1781967976.931731,
  "Alert 0": 1781967976.932663,
  "Alert 1": 1781967976.933171,
  "Alert 2": 1781967976.933708,
  "Test Alert": 1781967977.019738,
  "A0": 1781967976.995579,
  "A1": 1781967976.995965,
  "A2": 1781967976.996374,
  "A3": 1781967976.996729,
  "A4": 1781967976.997095,
  "A5": 1781967976.990525,
  "A6": 1781967976.990927,
  "A7": 1781967976.991435,
  "A8": 1781967976.991886,
  "A9": 1781967976.992284,
  "A10": 1781967976.955515,
  "A11": 1781967976.956026,
  "A12": 1781967976.956442,
  "A13": 1781967976.956886,
  "A14": 1781967976.957308,
  "A15": 1781967976.957803,
  "A16": 1781967976.958328,
  "A17": 1781967976.95879,
  "A18": 1781967976.95929,
  "A19": 1781967976.959822,
  "A20": 1781967976.960358,
  "A21": 1781967976.961006,
  "A22": 1781967976.961658,
  "A23": 1781967976.962121,
  "A24": 1781967976.962641,
  "A25": 1781967976.963249,
  "A26": 1781967976.96376,
  "A27": 1781967976.96431,
  "A28": 1781967976.964805,
  "A29": 1781967976.965262,
  "A30": 1781967976.965701,
  "A31": 1781967976.967377,
  "A32": 1781967976.967857,
  "A33": 1781967976.968299,
  "A34": 1781967976.968753,
  "A35": 1781967976.969223,
  "A36": 1781967976.969707,
  "A37": 1781967976.970175,
  "A38": 1781967976.97066,
  "A39": 1781967976.971124,
  "A40": 1781967976.971609,
  "A41": 1781967976.97211,
  "A42": 1781967976.972603,
  "A43": 1781967976.973105,
  "A44": 1781967976.973612,
  "A45": 1781967976.97446,
  "A46": 1781967976.975062,
  "A47": 1781967976.975658,
  "A48": 1781967976.976249,
  "A49": 1781967976.976811,
  "A50": 1781967976.977335,
  "A51": 1781967976.977874,
  "A52": 1781967976.97866,
  "A53": 1781967976.979423,
  "A54": 1781967976.979998,
  "A55": 1781967976.980667,
  "A56": 1781967976.981408,
  "A57": 1781967976.98203,
  "A58": 1781967976.982807,
  "A59": 1781967976.983529,
  "First": 1781967976.9985,
  "Second": 1781967976.998856,
  "Third": 1781967976.994194,
  "Overflow": 1781967977.005953,
  "NewAlert": 1781967977.018164,
  "LatestAlert": 1781967977.026469,
  "Alert0": 1781967977.027726,
  "Alert1": 1781967977.028108,
  "Alert2": 1781967977.02846,
  "Alert3": 1781967977.028811,
  "Alert4": 1781967977.029165,
  "Alert5": 1781967977.029546,
  "Alert6": 1781967977.030265,
  "Alert7": 1781967977.03092,
  "Alert8": 1781967977.031428,
  "Alert9": 1781967977.031926,
  "Dup": 1781967976.94308,
  "T": 1781967976.943901,
  "Alert A": 1781967976.944672,
  "Alert B": 1781967976.945066,
  "Dup Test": 1781967976.945957,
  "Same Title": 1781967976.947073,
  "X": 1781967976.949763
}